user_id,name,email,signup_date,country
u30000,Aarav Sharma,aarav.sharma0@example.com,2026-02-21,IN
u30001,Aarav Reddy,aarav.reddy1@example.com,2026-07-15,DE
u30002,Diya Gupta,diya.gupta2@example.com,2026-08-23,US
u30003,Sahithi Sharma,sahithi.sharma3@example.com,2026-05-14,IN
u30004,Maya Iyer,maya.iyer4@example.com,2026-07-27,IN
u30005,Diya Gupta,diya.gupta5@example.com,2026-02-26,IN
u30006,Arjun Nair,arjun.nair6@example.com,2026-04-25,SG
u30007,Sahithi Rao,sahithi.rao7@example.com,2026-07-10,US
u30008,Aarav Das,aarav.das8@example.com,2026-04-23,DE
u30009,Kabir Nair,kabir nair@example.com,2026-01-01,IN
u30010,Arjun Iyer,arjun.iyer10@example.com,2026-02-25,JP
u30011,Diya Reddy,diya.reddy11@example.com,2026-05-21,US
u30012,Arjun Gupta,arjun.gupta12@example.com,2026-05-15,IN
u30013,Diya Iyer,diya.iyer13@example.com,2026-01-28,SG
u30014,Kabir Rao,kabir.rao14@example.com,2026-07-24,IN
u30015,Diya Sharma,diya.sharma15@example.com,2026-01-28,US
u30016,Rohan Rao,rohan.rao16@example.com,2026-06-15,JP
u30017,Maya Reddy,maya.reddy17@example.com,2026-06-27,SG
u30018,Rohan Reddy,rohan.reddy18@example.com,2026-07-13,DE
u30019,Maya Menon,maya.menon19@example.com,2026-08-26,DE
u30020,Rohan Reddy,rohan.reddy20@example.com,2026-03-23,IN
u30021,Rohan Reddy,rohan.reddy21@example.com,2026-07-19,DE
u30022,Arjun Iyer,arjun.iyer22@example.com,2026-07-25,SG
u30023,Aarav Iyer,aarav.iyer23@example.com,2026-08-16,IN
u30024,Isha Das,isha.das24@example.com,2026-01-03,SG
u30025,Kabir Sharma,kabir.sharma25@example.com,2026-09-25,JP
u30026,Sahithi Rao,sahithi.rao26@example.com,2026-09-17,JP
u30027,Diya Menon,diya.menon27@example.com,2026-04-16,SG
u30028,Isha Iyer,isha.iyer28@example.com,2026-09-20,IN
u30029,Aarav Iyer,aarav.iyer29@example.com,2026-09-28,DE
u30030,Arjun Iyer,arjun.iyer30@example.com,2026-02-25,DE
u30031,Kabir Nair,kabir nair@example.com,2026-06-09,IN
u30032,Isha Menon,isha.menon32@example.com,2026-04-03,DE
u30033,Arjun Das,arjun.das33@example.com,2026-02-28,DE
u30034,Arjun Rao,arjun.rao34@example.com,2026-02-16,IN
u30035,Diya Menon,diya.menon35@example.com,2026-07-02,JP
u30036,Aarav Reddy,aarav.reddy36@example.com,2026-05-17,JP
u30037,Sahithi Das,sahithi.das37@example.com,2026-06-12,IN
u30038,Sahithi Das,sahithi.das38@example.com,2026-06-18,JP
u30039,Arjun Rao,arjun.rao39@example.com,2026-08-04,IN
u30040,Sahithi Sharma,sahithi.sharma40@example.com,2026-06-12,SG
u30041,Kabir Reddy,kabir.reddy41@example.com,2026-01-06,DE
u30042,Rohan Menon,rohan.menon42@example.com,2026-02-09,JP
u30043,Sahithi Nair,sahithi.nair43@example.com,2026-02-28,DE
u30044,Sahithi Das,sahithi.das44@example.com,2026-04-23,SG
u30045,Diya Menon,diya.menon45@example.com,2026-01-21,JP
u30046,Diya Das,diya.das46@example.com,2026-08-22,JP
u30047,Rohan Das,rohan.das47@example.com,2026-01-17,IN
u30048,Isha Das,isha.das48@example.com,2026-09-25,US
u30049,Rohan Iyer,rohan.iyer49@example.com,2026-02-13,JP
u30050,Kabir Menon,kabir.menon50@example.com,2026-07-20,US
u30051,Maya Menon,maya.menon51@example.com,2026-06-10,DE
u30052,Rohan Iyer,rohan.iyer52@example.com,2026-07-20,JP
u30053,Maya Rao,maya.rao53@example.com,2026-09-21,US
u30054,Sahithi Nair,sahithi.nair54@example.com,2026-05-22,SG
u30055,Rohan Iyer,rohan.iyer55@example.com,2026-09-18,SG
u30056,Diya Rao,diya.rao56@example.com,2026-09-16,JP
u30057,Isha Gupta,isha.gupta57@example.com,2026-07-26,IN
u30058,Diya Sharma,diya.sharma58@example.com,2026-07-05,IN
u30059,Aarav Nair,aarav.nair59@example.com,2026-05-25,US
u30060,Maya Gupta,maya.gupta60@example.com,2026-03-27,IN
u30061,Maya Nair,maya.nair61@example.com,2026-09-02,SG
u30062,Arjun Reddy,arjun.reddy62@example.com,2026-09-28,US
u30063,Isha Nair,isha.nair63@example.com,2026-09-26,SG
u30064,Aarav Menon,aarav.menon64@example.com,2026-07-14,SG
u30065,Aarav Sharma,@example.com,2026-05-07,JP
u30066,Sahithi Rao,sahithi.rao66@example.com,2026-09-24,JP
u30067,Sahithi Nair,sahithi.nair67@example.com,2026-05-15,US
u30068,Diya Iyer,diya.iyer68@example.com,2026-03-24,JP
u30069,Diya Menon,diya.menon69@example.com,2026-01-14,SG
u30070,Maya Iyer,maya.iyer70@example.com,2026-03-19,SG
u30071,Aarav Rao,aarav.rao71@example.com,2026-08-23,US
u30072,Aarav Iyer,aarav.iyer72@example.com,2026-06-20,IN
u30073,Maya Das,maya.das73@example.com,2026-09-12,IN
u30074,Kabir Nair,kabir.nair74@example.com,2026-03-17,IN
u30075,Rohan Menon,rohan.menon75@example.com,2026-09-18,DE
u30076,Diya Rao,diya.rao76@example.com,2026-04-07,SG
u30077,Kabir Rao,kabir.rao77@example.com,2026-05-07,JP
u30078,Arjun Sharma,arjun.sharma78@example.com,2026-02-22,SG
u30079,Arjun Nair,arjun.nair79@example.com,2026-04-02,SG
u30080,Isha Reddy,isha.reddy80@example.com,2026-07-09,JP
u30081,Maya Sharma,maya.sharma81@example.com,2026-09-27,SG
u30082,Arjun Das,arjun.das82@example.com,2026-01-10,US
u30083,Kabir Reddy,kabir.reddy83@example.com,2026-02-06,JP
u30084,Aarav Reddy,aarav.reddy84@example.com,2026-04-22,US
u30085,Isha Reddy,isha.reddy85@example.com,2026-04-18,DE
u30086,Diya Iyer,diya.iyer86@example.com,2026-01-15,SG
u30087,Aarav Reddy,aarav.reddy87@example.com,2026-02-02,US
u30088,Maya Reddy,maya.reddy88@example.com,2026-04-09,DE
u30089,Isha Das,isha.das89@example.com,2026-07-14,SG
u30090,Aarav Menon,aarav.menon90@example.com,2026-02-18,IN
u30091,Diya Sharma,diya.sharma91@example.com,2026-02-12,JP
u30092,Diya Gupta,diya.gupta92@example.com,2026-05-20,IN
u30093,Maya Das,,2026-07-13,IN
u30094,Rohan Menon,rohan.menon94@example.com,2026-09-10,US
u30095,Maya Rao,maya.rao95@example.com,2026-01-18,JP
u30096,Rohan Reddy,rohan reddy@example.com,2026-01-01,JP
u30097,Diya Gupta,diya.gupta97@example.com,2026-04-24,SG
u30098,Sahithi Menon,sahithi.menon98@example.com,2026-09-05,US
u30099,Rohan Nair,rohan.nair99@example.com,2026-05-07,IN
u30100,Rohan Sharma,rohan.sharma100@example.com,2026-09-15,JP
u30101,Diya Gupta,diya.gupta101@example.com,2026-02-09,IN
u30102,Sahithi Das,sahithi.das102@example.com,2026-06-12,US
u30103,Sahithi Reddy,sahithi.reddy103@example.com,2026-05-20,IN
u30104,Sahithi Rao,sahithi.rao104@example.com,2026-08-15,SG
u30105,Maya Iyer,maya.iyer105@example.com,2026-06-26,SG
u30106,Isha Iyer,isha.iyer106@example.com,2026-01-11,US
u30107,Sahithi Menon,sahithi.menon107@example.com,2026-05-27,SG
u30108,Rohan Rao,rohan.rao108@example.com,2026-08-15,DE
u30109,Kabir Gupta,kabir.gupta109@example.com,2026-08-18,IN
u30110,Rohan Reddy,rohan.reddy110@example.com,2026-05-28,US
u30111,Sahithi Gupta,sahithi.gupta111@example.com,2026-02-24,IN
u30112,Aarav Sharma,aarav.sharma112@example.com,2026-07-25,JP
u30113,Sahithi Sharma,sahithi.sharma113@example.com,2026-09-09,JP
u30114,Arjun Iyer,arjun.iyer114@example.com,2026-06-13,US
u30115,Maya Iyer,maya.iyer115@example.com,2026-08-17,JP
u30116,Diya Menon,diya.menon116@example.com,2026-06-17,IN
u30117,Sahithi Iyer,sahithi.iyer117@example.com,2026-09-05,DE
u30118,Rohan Iyer,rohan.iyer118@example.com,2026-03-24,DE
u30119,Kabir Sharma,kabir.sharma119@example.com,2026-04-25,DE
u30120,Sahithi Reddy,sahithi.reddy120@example.com,2026-05-12,US
u30121,Aarav Nair,aarav.nair121@example.com,2026-09-26,SG
u30122,Isha Das,isha.das122@example.com,2026-08-02,IN
u30123,Kabir Reddy,kabir.reddy123@example.com,2026-09-21,SG
u30124,Maya Iyer,maya.iyer124@example.com,2026-07-21,DE
u30125,Kabir Reddy,kabir.reddy125@example.com,2026-09-09,DE
u30126,Sahithi Menon,sahithi.menon126@example.com,2026-06-27,SG
u30127,Arjun Das,arjun.das127@example.com,2026-01-17,US
u30128,Arjun Iyer,arjun.iyer128@example.com,2026-04-03,JP
u30129,Maya Nair,maya.nair129@example.com,2026-03-06,US
u30130,Kabir Reddy,kabir.reddy130@example.com,2026-04-14,SG
u30131,Diya Das,diya.das131@example.com,2026-08-16,US
u30132,Rohan Menon,rohan.menon132@example.com,2026-01-08,IN
u30133,Rohan Iyer,rohan.iyer133@example.com,2026-03-21,JP
u30134,Aarav Iyer,aarav.iyer134@example.com,2026-01-06,SG
u30135,Rohan Menon,rohan.menon135@example.com,2026-01-24,SG
u30136,Diya Nair,diya.nair136@example.com,2026-08-20,DE
u30137,Arjun Iyer,arjun.iyer137@example.com,2026-04-27,DE
u30138,Rohan Iyer,rohan.iyer138@example.com,2026-09-09,US
u30139,Kabir Das,kabir.das139@example.com,2026-02-08,DE
u30140,Isha Iyer,isha.iyer140@example.com,2026-02-01,US
u30141,Isha Iyer,isha.iyer141@example.com,2026-02-06,DE
u30142,Aarav Reddy,aarav.reddy142@example.com,2026-02-16,US
u30143,Aarav Menon,aarav.menon143@example.com,2026-09-14,SG
u30144,Aarav Menon,aarav.menon144@example.com,2026-04-26,DE
u30145,Isha Rao,isha.rao145@example.com,2026-02-14,US
u30146,Maya Das,maya.das146@example.com,2026-04-28,IN
u30147,Maya Menon,maya.menon147@example.com,2026-05-07,IN
u30148,Aarav Reddy,aarav.reddy148@example.com,2026-09-01,DE
u30149,Sahithi Rao,sahithi.rao149@example.com,2026-07-12,IN
u30150,Rohan Menon,rohan.menon150@example.com,2026-05-09,JP
u30151,Isha Rao,isha.rao151@example.com,2026-05-22,DE
u30152,Sahithi Menon,sahithi.menon152@example.com,2026-09-26,JP
u30153,Arjun Iyer,arjun.iyer153@example.com,2026-06-18,JP
u30154,Arjun Gupta,arjun.gupta154@example.com,2026-05-19,SG
u30155,Isha Iyer,isha.iyer155@example.com,2026-02-24,US
u30156,Arjun Iyer,arjun.iyer156@example.com,2026-02-07,JP
u30157,Isha Rao,isha.rao157@example.com,2026-09-20,IN
u30158,Rohan Menon,rohan.menon158@example.com,2026-01-26,IN
u30159,Rohan Das,rohan.das159@example.com,2026-07-03,IN
u30160,Maya Nair,maya.nair160@example.com,2026-06-03,JP
u30161,Aarav Menon,aarav.menon161@example.com,2026-07-20,JP
u30162,Maya Sharma,maya.sharma162@example.com,2026-03-21,DE
u30163,,arjun.sharma163@example.com,2026-04-28,JP
u30164,Sahithi Iyer,sahithi.iyer164@example.com,2026-01-12,US
u30165,Aarav Iyer,aarav.iyer165@example.com,2026-02-09,DE
u30166,Kabir Menon,kabir.menon.example.com,2026-07-19,US
u30167,Diya Gupta,diya.gupta167@example.com,2026-09-19,SG
u30168,Kabir Gupta,kabir.gupta168@example.com,2026-04-20,US
u30169,Arjun Menon,arjun.menon169@example.com,2026-01-09,US
u30170,Isha Reddy,isha.reddy170@example.com,2026-09-03,JP
u30171,Maya Rao,maya.rao171@example.com,2026-02-26,JP
u30172,Maya Gupta,maya.gupta172@example.com,2026-08-13,JP
u30173,Arjun Nair,arjun.nair173@example.com,2026-06-25,DE
u30174,Arjun Sharma,arjun.sharma174@example.com,2026-08-04,SG
u30175,Diya Menon,diya.menon175@example.com,2026-04-22,US
u30176,Kabir Menon,kabir.menon176@example.com,2026-06-17,JP
u30177,Aarav Gupta,aarav.gupta177@example.com,2026-04-10,IN
u30178,Isha Rao,isha.rao178@example.com,2026-02-18,US
u30179,Arjun Rao,arjun.rao179@example.com,2026-06-07,JP
u30180,Maya Iyer,maya.iyer180@example.com,2026-04-16,US
u30181,Sahithi Nair,sahithi.nair181@example.com,2026-05-07,US
u30182,,sahithi.nair182@example.com,2026-06-05,IN
u30183,Arjun Sharma,arjun.sharma183@example.com,2026-09-02,DE
u30184,Kabir Rao,kabir.rao184@example.com,2026-08-19,SG
u30185,Arjun Iyer,arjun.iyer185@example.com,2026-09-09,DE
u30186,Sahithi Iyer,sahithi.iyer186@example.com,2026-01-17,DE
u30187,Arjun Sharma,arjun.sharma187@example.com,2026-09-12,DE
u30188,Rohan Das,rohan.das188@example.com,2026-02-23,JP
u30189,Arjun Rao,arjun.rao189@example.com,2026-01-01,US
u30190,Isha Reddy,isha.reddy190@example.com,2026-06-12,JP
u30191,Maya Iyer,maya.iyer191@example.com,2026-09-09,US
u30192,Maya Das,maya.das192@example.com,2026-06-12,US
u30193,Arjun Menon,arjun.menon193@example.com,2026-04-14,SG
u30194,Kabir Menon,kabir.menon194@example.com,2026-05-15,US
u30195,Rohan Nair,rohan.nair195@example.com,2026-02-24,SG
u30196,Sahithi Menon,sahithi.menon196@example.com,2026-07-07,US
u30197,Rohan Das,rohan.das197@example.com,2026-01-06,DE
u30198,Arjun Iyer,arjun.iyer198@example.com,2026-09-18,SG
u30199,Arjun Gupta,arjun.gupta199@example.com,2026-05-18,JP
u30200,Aarav Menon,aarav.menon200@example.com,2026-02-23,US
u30201,Aarav Nair,aarav.nair201@example.com,2026-05-16,IN
u30202,Arjun Rao,arjun.rao@example,2026-05-12,SG
u30203,Kabir Sharma,kabir.sharma203@example.com,2026-07-04,SG
u30204,Sahithi Iyer,sahithi.iyer204@example.com,2026-05-12,SG
u30205,Arjun Das,arjun.das205@example.com,2026-02-13,JP
u30206,Maya Das,maya.das206@example.com,2026-03-28,US
u30207,Kabir Menon,kabir.menon207@example.com,2026-07-28,IN
u30208,Diya Iyer,diya.iyer208@example.com,2026-06-08,SG
u30209,Kabir Gupta,kabir.gupta209@example.com,2026-05-20,DE
u30210,Maya Das,maya.das210@example.com,2026-06-24,JP
u30211,Arjun Menon,arjun.menon211@example.com,2026-03-06,IN
u30212,Rohan Nair,rohan.nair212@example.com,2026-05-24,IN
u30213,Sahithi Iyer,sahithi.iyer213@example.com,2026-07-04,IN
u30214,Diya Das,diya.das214@example.com,2026-09-02,IN
u30215,Isha Reddy,isha.reddy215@example.com,2026-02-09,JP
u30216,Rohan Reddy,rohan.reddy216@example.com,2026-07-10,US
u30217,Sahithi Gupta,sahithi.gupta217@example.com,2026-08-21,US
u30218,Rohan Iyer,rohan.iyer218@example.com,2026-01-02,SG
u30219,Kabir Das,kabir.das219@example.com,2026-08-28,JP
u30220,Maya Das,maya.das220@example.com,2026-03-23,JP
u30221,Rohan Das,rohan.das221@example.com,2026-07-17,JP
u30222,Maya Rao,maya.rao222@example.com,2026-08-18,US
u30223,Diya Das,diya.das223@example.com,2026-05-12,DE
u30224,Maya Iyer,maya@@example.com,2026-05-01,IN
u30225,Kabir Gupta,kabir.gupta225@example.com,2026-08-18,IN
u30226,Arjun Das,arjun.das226@example.com,2026-05-01,DE
u30227,Maya Nair,maya.nair227@example.com,2026-01-18,SG
u30228,Sahithi Menon,sahithi.menon228@example.com,2026-09-14,DE
u30229,Sahithi Iyer,sahithi.iyer229@example.com,2026-07-27,DE
u30230,Sahithi Gupta,sahithi.gupta230@example.com,2026-02-14,US
u30231,Maya Gupta,maya.gupta231@example.com,2026-09-26,SG
u30232,Isha Nair,isha.nair232@example.com,2026-02-06,US
u30233,Maya Reddy,maya.reddy233@example.com,2026-08-20,DE
u30234,Maya Das,maya.das234@example.com,2026-04-11,IN
u30235,Rohan Sharma,rohan.sharma235@example.com,2026-09-01,US
u30236,Diya Gupta,diya.gupta236@example.com,2026-05-05,DE
u30237,Aarav Nair,aarav.nair237@example.com,2026-02-05,IN
u30238,Arjun Nair,arjun.nair238@example.com,2026-06-14,SG
u30239,Arjun Rao,arjun.rao239@example.com,2026-08-23,IN
u30240,Kabir Reddy,kabir.reddy240@example.com,2026-03-02,SG
u30241,Isha Reddy,isha.reddy241@example.com,2026-09-16,US
u30242,Sahithi Gupta,sahithi.gupta242@example.com,2026-07-27,IN
u30243,Diya Nair,diya.nair243@example.com,2026-07-25,DE
u30244,Sahithi Sharma,sahithi.sharma244@example.com,2026-04-15,IN
u30245,Sahithi Das,sahithi.das245@example.com,2026-07-22,SG
u30246,Kabir Iyer,kabir.iyer246@example.com,2026-01-24,JP
u30247,Diya Gupta,diya.gupta247@example.com,2026-08-21,SG
u30248,Sahithi Rao,sahithi.rao248@example.com,2026-01-28,US
u30249,Diya Nair,diya.nair249@example.com,2026-07-11,IN
